County,State,state_county,County Code
baldwin,alabama,alabama_baldwin,1003
colbert,alabama,alabama_colbert,1033
dekalb,alabama,alabama_dekalb,1049
elmore,alabama,alabama_elmore,1051
etowah,alabama,alabama_etowah,1055
houston,alabama,alabama_houston,1069
jefferson,alabama,alabama_jefferson,1073
madison,alabama,alabama_madison,1089
mobile,alabama,alabama_mobile,1097
montgomery,alabama,alabama_montgomery,1101
morgan,alabama,alabama_morgan,1103
russell,alabama,alabama_russell,1113
shelby,alabama,alabama_shelby,1117
talladega,alabama,alabama_talladega,1121
tuscaloosa,alabama,alabama_tuscaloosa,1125
apache,arizona,arizona_apache,4001
cochise,arizona,arizona_cochise,4003
coconino,arizona,arizona_coconino,4005
gila,arizona,arizona_gila,4007
maricopa,arizona,arizona_maricopa,4013
mohave,arizona,arizona_mohave,4015
navajo,arizona,arizona_navajo,4017
pima,arizona,arizona_pima,4019
pinal,arizona,arizona_pinal,4021
yavapai,arizona,arizona_yavapai,4025
yuma,arizona,arizona_yuma,4027
arkansas,arkansas,arkansas_arkansas,5001
crittenden,arkansas,arkansas_crittenden,5035
garland,arkansas,arkansas_garland,5051
polk,arkansas,arkansas_polk,5113
pulaski,arkansas,arkansas_pulaski,5119
union,arkansas,arkansas_union,5139
washington,arkansas,arkansas_washington,5143
alameda,california,california_alameda,6001
amador,california,california_amador,6005
butte,california,california_butte,6007
calaveras,california,california_calaveras,6009
contra_costa,california,california_contra_costa,6013
el_dorado,california,california_el_dorado,6017
fresno,california,california_fresno,6019
glenn,california,california_glenn,6021
humboldt,california,california_humboldt,6023
imperial,california,california_imperial,6025
kern,california,california_kern,6029
kings,california,california_kings,6031
lake,california,california_lake,6033
los_angeles,california,california_los_angeles,6037
madera,california,california_madera,6039
marin,california,california_marin,6041
mendocino,california,california_mendocino,6045
merced,california,california_merced,6047
monterey,california,california_monterey,6053
napa,california,california_napa,6055
nevada,california,california_nevada,6057
orange,california,california_orange,6059
placer,california,california_placer,6061
riverside,california,california_riverside,6065
sacramento,california,california_sacramento,6067
san_benito,california,california_san_benito,6069
san_bernardino,california,california_san_bernardino,6071
san_diego,california,california_san_diego,6073
san_francisco,california,california_san_francisco,6075
san_joaquin,california,california_san_joaquin,6077
san_luis_obispo,california,california_san_luis_obispo,6079
san_mateo,california,california_san_mateo,6081
santa_barbara,california,california_santa_barbara,6083
santa_clara,california,california_santa_clara,6085
santa_cruz,california,california_santa_cruz,6087
shasta,california,california_shasta,6089
siskiyou,california,california_siskiyou,6093
solano,california,california_solano,6095
sonoma,california,california_sonoma,6097
stanislaus,california,california_stanislaus,6099
sutter,california,california_sutter,6101
tehama,california,california_tehama,6103
tulare,california,california_tulare,6107
tuolumne,california,california_tuolumne,6109
ventura,california,california_ventura,6111
yolo,california,california_yolo,6113
adams,colorado,colorado_adams,8001
arapahoe,colorado,colorado_arapahoe,8005
boulder,colorado,colorado_boulder,8013
delta,colorado,colorado_delta,8029
denver,colorado,colorado_denver,8031
douglas,colorado,colorado_douglas,8035
el_paso,colorado,colorado_el_paso,8041
fremont,colorado,colorado_fremont,8043
jefferson,colorado,colorado_jefferson,8059
larimer,colorado,colorado_larimer,8069
mesa,colorado,colorado_mesa,8077
montezuma,colorado,colorado_montezuma,8083
montrose,colorado,colorado_montrose,8085
pueblo,colorado,colorado_pueblo,8101
weld,colorado,colorado_weld,8123
fairfield,connecticut,connecticut_fairfield,9001
hartford,connecticut,connecticut_hartford,9003
litchfield,connecticut,connecticut_litchfield,9005
middlesex,connecticut,connecticut_middlesex,9007
new_haven,connecticut,connecticut_new_haven,9009
new_london,connecticut,connecticut_new_london,9011
tolland,connecticut,connecticut_tolland,9013
windham,connecticut,connecticut_windham,9015
kent,delaware,delaware_kent,10001
new_castle,delaware,delaware_new_castle,10003
sussex,delaware,delaware_sussex,10005
district_of_columbia,district_of_columbia,district_of_columbia_district_of_columbia,11001
alachua,florida,florida_alachua,12001
bay,florida,florida_bay,12005
brevard,florida,florida_brevard,12009
broward,florida,florida_broward,12011
citrus,florida,florida_citrus,12017
collier,florida,florida_collier,12021
columbia,florida,florida_columbia,12023
duval,florida,florida_duval,12031
escambia,florida,florida_escambia,12033
flagler,florida,florida_flagler,12035
highlands,florida,florida_highlands,12055
hillsborough,florida,florida_hillsborough,12057
indian_river,florida,florida_indian_river,12061
lake,florida,florida_lake,12069
lee,florida,florida_lee,12071
leon,florida,florida_leon,12073
manatee,florida,florida_manatee,12081
marion,florida,florida_marion,12083
martin,florida,florida_martin,12085
miami-dade,florida,florida_miami-dade,12086
nassau,florida,florida_nassau,12089
okaloosa,florida,florida_okaloosa,12091
orange,florida,florida_orange,12095
osceola,florida,florida_osceola,12097
palm_beach,florida,florida_palm_beach,12099
pasco,florida,florida_pasco,12101
pinellas,florida,florida_pinellas,12103
polk,florida,florida_polk,12105
putnam,florida,florida_putnam,12107
santa_rosa,florida,florida_santa_rosa,12113
sarasota,florida,florida_sarasota,12115
seminole,florida,florida_seminole,12117
st._lucie,florida,florida_st._lucie,12111
volusia,florida,florida_volusia,12127
bibb,georgia,georgia_bibb,13021
chatham,georgia,georgia_chatham,13051
chattooga,georgia,georgia_chattooga,13055
clarke,georgia,georgia_clarke,13059
clayton,georgia,georgia_clayton,13063
cobb,georgia,georgia_cobb,13067
coffee,georgia,georgia_coffee,13069
columbia,georgia,georgia_columbia,13073
coweta,georgia,georgia_coweta,13077
dekalb,georgia,georgia_dekalb,13089
dougherty,georgia,georgia_dougherty,13095
douglas,georgia,georgia_douglas,13097
floyd,georgia,georgia_floyd,13115
fulton,georgia,georgia_fulton,13121
glynn,georgia,georgia_glynn,13127
gwinnett,georgia,georgia_gwinnett,13135
hall,georgia,georgia_hall,13139
henry,georgia,georgia_henry,13151
houston,georgia,georgia_houston,13153
lowndes,georgia,georgia_lowndes,13185
murray,georgia,georgia_murray,13213
muscogee,georgia,georgia_muscogee,13215
paulding,georgia,georgia_paulding,13223
richmond,georgia,georgia_richmond,13245
rockdale,georgia,georgia_rockdale,13247
walker,georgia,georgia_walker,13295
hawaii,hawaii,hawaii_hawaii,15001
honolulu,hawaii,hawaii_honolulu,15003
kauai,hawaii,hawaii_kauai,15007
maui,hawaii,hawaii_maui,15009
ada,idaho,idaho_ada,16001
bannock,idaho,idaho_bannock,16005
bonneville,idaho,idaho_bonneville,16019
canyon,idaho,idaho_canyon,16027
kootenai,idaho,idaho_kootenai,16055
nez_perce,idaho,idaho_nez_perce,16069
twin_falls,idaho,idaho_twin_falls,16083
adams,illinois,illinois_adams,17001
champaign,illinois,illinois_champaign,17019
cook,illinois,illinois_cook,17031
dupage,illinois,illinois_dupage,17043
kane,illinois,illinois_kane,17089
lake,illinois,illinois_lake,17097
macon,illinois,illinois_macon,17115
macoupin,illinois,illinois_macoupin,17117
madison,illinois,illinois_madison,17119
mchenry,illinois,illinois_mchenry,17111
mclean,illinois,illinois_mclean,17113
peoria,illinois,illinois_peoria,17143
randolph,illinois,illinois_randolph,17157
rock_island,illinois,illinois_rock_island,17161
sangamon,illinois,illinois_sangamon,17167
tazewell,illinois,illinois_tazewell,17179
will,illinois,illinois_will,17197
winnebago,illinois,illinois_winnebago,17201
allen,indiana,indiana_allen,18003
bartholomew,indiana,indiana_bartholomew,18005
boone,indiana,indiana_boone,18011
clark,indiana,indiana_clark,18019
delaware,indiana,indiana_delaware,18035
dubois,indiana,indiana_dubois,18037
elkhart,indiana,indiana_elkhart,18039
floyd,indiana,indiana_floyd,18043
gibson,indiana,indiana_gibson,18051
greene,indiana,indiana_greene,18055
hamilton,indiana,indiana_hamilton,18057
hendricks,indiana,indiana_hendricks,18063
henry,indiana,indiana_henry,18065
howard,indiana,indiana_howard,18067
huntington,indiana,indiana_huntington,18069
jackson,indiana,indiana_jackson,18071
johnson,indiana,indiana_johnson,18081
knox,indiana,indiana_knox,18083
lake,indiana,indiana_lake,18089
madison,indiana,indiana_madison,18095
marion,indiana,indiana_marion,18097
monroe,indiana,indiana_monroe,18105
morgan,indiana,indiana_morgan,18109
perry,indiana,indiana_perry,18123
porter,indiana,indiana_porter,18127
shelby,indiana,indiana_shelby,18145
st._joseph,indiana,indiana_st._joseph,18141
tippecanoe,indiana,indiana_tippecanoe,18157
vanderburgh,indiana,indiana_vanderburgh,18163
vigo,indiana,indiana_vigo,18167
wabash,indiana,indiana_wabash,18169
warrick,indiana,indiana_warrick,18173
wayne,indiana,indiana_wayne,18177
black_hawk,iowa,iowa_black_hawk,19013
cerro_gordo,iowa,iowa_cerro_gordo,19033
clinton,iowa,iowa_clinton,19045
johnson,iowa,iowa_johnson,19103
lee,iowa,iowa_lee,19111
linn,iowa,iowa_linn,19113
polk,iowa,iowa_polk,19153
pottawattamie,iowa,iowa_pottawattamie,19155
scott,iowa,iowa_scott,19163
story,iowa,iowa_story,19169
warren,iowa,iowa_warren,19181
woodbury,iowa,iowa_woodbury,19193
ford,kansas,kansas_ford,20057
johnson,kansas,kansas_johnson,20091
leavenworth,kansas,kansas_leavenworth,20103
sedgwick,kansas,kansas_sedgwick,20173
shawnee,kansas,kansas_shawnee,20177
wyandotte,kansas,kansas_wyandotte,20209
bell,kentucky,kentucky_bell,21013
boone,kentucky,kentucky_boone,21015
boyd,kentucky,kentucky_boyd,21019
bullitt,kentucky,kentucky_bullitt,21029
campbell,kentucky,kentucky_campbell,21037
carter,kentucky,kentucky_carter,21043
christian,kentucky,kentucky_christian,21047
daviess,kentucky,kentucky_daviess,21059
fayette,kentucky,kentucky_fayette,21067
greenup,kentucky,kentucky_greenup,21089
hardin,kentucky,kentucky_hardin,21093
henderson,kentucky,kentucky_henderson,21101
jefferson,kentucky,kentucky_jefferson,21111
jessamine,kentucky,kentucky_jessamine,21113
madison,kentucky,kentucky_madison,21151
mccracken,kentucky,kentucky_mccracken,21145
oldham,kentucky,kentucky_oldham,21185
perry,kentucky,kentucky_perry,21193
pike,kentucky,kentucky_pike,21195
pulaski,kentucky,kentucky_pulaski,21199
warren,kentucky,kentucky_warren,21227
androscoggin,maine,maine_androscoggin,23001
aroostook,maine,maine_aroostook,23003
cumberland,maine,maine_cumberland,23005
franklin,maine,maine_franklin,23007
hancock,maine,maine_hancock,23009
kennebec,maine,maine_kennebec,23011
knox,maine,maine_knox,23013
oxford,maine,maine_oxford,23017
penobscot,maine,maine_penobscot,23019
washington,maine,maine_washington,23029
york,maine,maine_york,23031
anne_arundel,maryland,maryland_anne_arundel,24003
baltimore,maryland,maryland_baltimore,24005
calvert,maryland,maryland_calvert,24009
carroll,maryland,maryland_carroll,24013
cecil,maryland,maryland_cecil,24015
charles,maryland,maryland_charles,24017
frederick,maryland,maryland_frederick,24021
harford,maryland,maryland_harford,24025
howard,maryland,maryland_howard,24027
montgomery,maryland,maryland_montgomery,24031
prince_george's,maryland,maryland_prince_george's,24033
washington,maryland,maryland_washington,24043
barnstable,massachusetts,massachusetts_barnstable,25001
berkshire,massachusetts,massachusetts_berkshire,25003
bristol,massachusetts,massachusetts_bristol,25005
essex,massachusetts,massachusetts_essex,25009
franklin,massachusetts,massachusetts_franklin,25011
hampden,massachusetts,massachusetts_hampden,25013
hampshire,massachusetts,massachusetts_hampshire,25015
middlesex,massachusetts,massachusetts_middlesex,25017
norfolk,massachusetts,massachusetts_norfolk,25021
plymouth,massachusetts,massachusetts_plymouth,25023
suffolk,massachusetts,massachusetts_suffolk,25025
worcester,massachusetts,massachusetts_worcester,25027
allegan,michigan,michigan_allegan,26005
bay,michigan,michigan_bay,26017
berrien,michigan,michigan_berrien,26021
cass,michigan,michigan_cass,26027
chippewa,michigan,michigan_chippewa,26033
clinton,michigan,michigan_clinton,26037
genesee,michigan,michigan_genesee,26049
ingham,michigan,michigan_ingham,26065
kalamazoo,michigan,michigan_kalamazoo,26077
kent,michigan,michigan_kent,26081
lenawee,michigan,michigan_lenawee,26091
macomb,michigan,michigan_macomb,26099
monroe,michigan,michigan_monroe,26115
muskegon,michigan,michigan_muskegon,26121
oakland,michigan,michigan_oakland,26125
ottawa,michigan,michigan_ottawa,26139
st._clair,michigan,michigan_st._clair,26147
tuscola,michigan,michigan_tuscola,26157
washtenaw,michigan,michigan_washtenaw,26161
wayne,michigan,michigan_wayne,26163
anoka,minnesota,minnesota_anoka,27003
becker,minnesota,minnesota_becker,27005
beltrami,minnesota,minnesota_beltrami,27007
crow_wing,minnesota,minnesota_crow_wing,27035
dakota,minnesota,minnesota_dakota,27037
goodhue,minnesota,minnesota_goodhue,27049
hennepin,minnesota,minnesota_hennepin,27053
olmsted,minnesota,minnesota_olmsted,27109
ramsey,minnesota,minnesota_ramsey,27123
scott,minnesota,minnesota_scott,27139
stearns,minnesota,minnesota_stearns,27145
washington,minnesota,minnesota_washington,27163
wright,minnesota,minnesota_wright,27171
desoto,mississippi,mississippi_desoto,28033
forrest,mississippi,mississippi_forrest,28035
hancock,mississippi,mississippi_hancock,28045
harrison,mississippi,mississippi_harrison,28047
hinds,mississippi,mississippi_hinds,28049
jackson,mississippi,mississippi_jackson,28059
lauderdale,mississippi,mississippi_lauderdale,28075
lee,mississippi,mississippi_lee,28081
boone,missouri,missouri_boone,29019
buchanan,missouri,missouri_buchanan,29021
cass,missouri,missouri_cass,29037
clay,missouri,missouri_clay,29047
franklin,missouri,missouri_franklin,29071
greene,missouri,missouri_greene,29077
jackson,missouri,missouri_jackson,29095
jasper,missouri,missouri_jasper,29097
jefferson,missouri,missouri_jefferson,29099
lincoln,missouri,missouri_lincoln,29113
st._louis_city,missouri,missouri_st._louis_city,29510
stoddard,missouri,missouri_stoddard,29207
taney,missouri,missouri_taney,29213
cascade,montana,montana_cascade,30013
flathead,montana,montana_flathead,30029
lewis_and_clark,montana,montana_lewis_and_clark,30049
missoula,montana,montana_missoula,30063
ravalli,montana,montana_ravalli,30081
silver_bow,montana,montana_silver_bow,30093
yellowstone,montana,montana_yellowstone,30111
douglas,nebraska,nebraska_douglas,31055
hall,nebraska,nebraska_hall,31079
lancaster,nebraska,nebraska_lancaster,31109
sarpy,nebraska,nebraska_sarpy,31153
scotts_bluff,nebraska,nebraska_scotts_bluff,31157
carson_city,nevada,nevada_carson_city,32510
churchill,nevada,nevada_churchill,32001
clark,nevada,nevada_clark,32003
douglas,nevada,nevada_douglas,32005
lyon,nevada,nevada_lyon,32019
nye,nevada,nevada_nye,32023
washoe,nevada,nevada_washoe,32031
belknap,new_hampshire,new_hampshire_belknap,33001
cheshire,new_hampshire,new_hampshire_cheshire,33005
coos,new_hampshire,new_hampshire_coos,33007
grafton,new_hampshire,new_hampshire_grafton,33009
hillsborough,new_hampshire,new_hampshire_hillsborough,33011
merrimack,new_hampshire,new_hampshire_merrimack,33013
rockingham,new_hampshire,new_hampshire_rockingham,33015
atlantic,new_jersey,new_jersey_atlantic,34001
bergen,new_jersey,new_jersey_bergen,34003
camden,new_jersey,new_jersey_camden,34007
cumberland,new_jersey,new_jersey_cumberland,34011
essex,new_jersey,new_jersey_essex,34013
gloucester,new_jersey,new_jersey_gloucester,34015
hudson,new_jersey,new_jersey_hudson,34017
hunterdon,new_jersey,new_jersey_hunterdon,34019
mercer,new_jersey,new_jersey_mercer,34021
middlesex,new_jersey,new_jersey_middlesex,34023
monmouth,new_jersey,new_jersey_monmouth,34025
morris,new_jersey,new_jersey_morris,34027
ocean,new_jersey,new_jersey_ocean,34029
passaic,new_jersey,new_jersey_passaic,34031
union,new_jersey,new_jersey_union,34039
warren,new_jersey,new_jersey_warren,34041
bernalillo,new_mexico,new_mexico_bernalillo,35001
chaves,new_mexico,new_mexico_chaves,35005
eddy,new_mexico,new_mexico_eddy,35015
lea,new_mexico,new_mexico_lea,35025
san_juan,new_mexico,new_mexico_san_juan,35045
sandoval,new_mexico,new_mexico_sandoval,35043
santa_fe,new_mexico,new_mexico_santa_fe,35049
valencia,new_mexico,new_mexico_valencia,35061
albany,new_york,new_york_albany,36001
bronx,new_york,new_york_bronx,36005
chautauqua,new_york,new_york_chautauqua,36013
dutchess,new_york,new_york_dutchess,36027
erie,new_york,new_york_erie,36029
essex,new_york,new_york_essex,36031
franklin,new_york,new_york_franklin,36033
herkimer,new_york,new_york_herkimer,36043
jefferson,new_york,new_york_jefferson,36045
kings,new_york,new_york_kings,36047
monroe,new_york,new_york_monroe,36055
nassau,new_york,new_york_nassau,36059
new_york,new_york,new_york_new_york,36061
niagara,new_york,new_york_niagara,36063
oneida,new_york,new_york_oneida,36065
onondaga,new_york,new_york_onondaga,36067
orange,new_york,new_york_orange,36071
oswego,new_york,new_york_oswego,36075
putnam,new_york,new_york_putnam,36079
queens,new_york,new_york_queens,36081
richmond,new_york,new_york_richmond,36085
rockland,new_york,new_york_rockland,36087
saratoga,new_york,new_york_saratoga,36091
steuben,new_york,new_york_steuben,36101
suffolk,new_york,new_york_suffolk,36103
tompkins,new_york,new_york_tompkins,36109
wayne,new_york,new_york_wayne,36117
westchester,new_york,new_york_westchester,36119
beaufort,north_carolina,north_carolina_beaufort,37013
brunswick,north_carolina,north_carolina_brunswick,37019
buncombe,north_carolina,north_carolina_buncombe,37021
caldwell,north_carolina,north_carolina_caldwell,37027
carteret,north_carolina,north_carolina_carteret,37031
catawba,north_carolina,north_carolina_catawba,37035
cumberland,north_carolina,north_carolina_cumberland,37051
davidson,north_carolina,north_carolina_davidson,37057
durham,north_carolina,north_carolina_durham,37063
edgecombe,north_carolina,north_carolina_edgecombe,37065
forsyth,north_carolina,north_carolina_forsyth,37067
granville,north_carolina,north_carolina_granville,37077
guilford,north_carolina,north_carolina_guilford,37081
haywood,north_carolina,north_carolina_haywood,37087
jackson,north_carolina,north_carolina_jackson,37099
johnston,north_carolina,north_carolina_johnston,37101
lee,north_carolina,north_carolina_lee,37105
lenoir,north_carolina,north_carolina_lenoir,37107
lincoln,north_carolina,north_carolina_lincoln,37109
macon,north_carolina,north_carolina_macon,37113
mecklenburg,north_carolina,north_carolina_mecklenburg,37119
new_hanover,north_carolina,north_carolina_new_hanover,37129
person,north_carolina,north_carolina_person,37145
pitt,north_carolina,north_carolina_pitt,37147
rockingham,north_carolina,north_carolina_rockingham,37157
rowan,north_carolina,north_carolina_rowan,37159
union,north_carolina,north_carolina_union,37179
wake,north_carolina,north_carolina_wake,37183
burleigh,north_dakota,north_dakota_burleigh,38015
cass,north_dakota,north_dakota_cass,38017
adams,ohio,ohio_adams,39001
allen,ohio,ohio_allen,39003
ashtabula,ohio,ohio_ashtabula,39007
athens,ohio,ohio_athens,39009
belmont,ohio,ohio_belmont,39013
butler,ohio,ohio_butler,39017
clark,ohio,ohio_clark,39023
clermont,ohio,ohio_clermont,39025
clinton,ohio,ohio_clinton,39027
columbiana,ohio,ohio_columbiana,39029
cuyahoga,ohio,ohio_cuyahoga,39035
delaware,ohio,ohio_delaware,39041
fayette,ohio,ohio_fayette,39047
franklin,ohio,ohio_franklin,39049
geauga,ohio,ohio_geauga,39055
greene,ohio,ohio_greene,39057
hamilton,ohio,ohio_hamilton,39061
jefferson,ohio,ohio_jefferson,39081
knox,ohio,ohio_knox,39083
lake,ohio,ohio_lake,39085
lawrence,ohio,ohio_lawrence,39087
licking,ohio,ohio_licking,39089
lorain,ohio,ohio_lorain,39093
lucas,ohio,ohio_lucas,39095
madison,ohio,ohio_madison,39097
mahoning,ohio,ohio_mahoning,39099
medina,ohio,ohio_medina,39103
miami,ohio,ohio_miami,39109
montgomery,ohio,ohio_montgomery,39113
portage,ohio,ohio_portage,39133
scioto,ohio,ohio_scioto,39145
stark,ohio,ohio_stark,39151
summit,ohio,ohio_summit,39153
trumbull,ohio,ohio_trumbull,39155
warren,ohio,ohio_warren,39165
washington,ohio,ohio_washington,39167
wood,ohio,ohio_wood,39173
adair,oklahoma,oklahoma_adair,40001
canadian,oklahoma,oklahoma_canadian,40017
carter,oklahoma,oklahoma_carter,40019
cherokee,oklahoma,oklahoma_cherokee,40021
cleveland,oklahoma,oklahoma_cleveland,40027
comanche,oklahoma,oklahoma_comanche,40031
creek,oklahoma,oklahoma_creek,40037
grady,oklahoma,oklahoma_grady,40051
kay,oklahoma,oklahoma_kay,40071
mayes,oklahoma,oklahoma_mayes,40097
muskogee,oklahoma,oklahoma_muskogee,40101
oklahoma,oklahoma,oklahoma_oklahoma,40109
osage,oklahoma,oklahoma_osage,40113
ottawa,oklahoma,oklahoma_ottawa,40115
pittsburg,oklahoma,oklahoma_pittsburg,40121
sequoyah,oklahoma,oklahoma_sequoyah,40135
tulsa,oklahoma,oklahoma_tulsa,40143
washington,oklahoma,oklahoma_washington,40147
benton,oregon,oregon_benton,41003
clackamas,oregon,oregon_clackamas,41005
deschutes,oregon,oregon_deschutes,41017
douglas,oregon,oregon_douglas,41019
jackson,oregon,oregon_jackson,41029
josephine,oregon,oregon_josephine,41033
klamath,oregon,oregon_klamath,41035
lane,oregon,oregon_lane,41039
linn,oregon,oregon_linn,41043
marion,oregon,oregon_marion,41047
multnomah,oregon,oregon_multnomah,41051
umatilla,oregon,oregon_umatilla,41059
washington,oregon,oregon_washington,41067
adams,pennsylvania,pennsylvania_adams,42001
allegheny,pennsylvania,pennsylvania_allegheny,42003
armstrong,pennsylvania,pennsylvania_armstrong,42005
beaver,pennsylvania,pennsylvania_beaver,42007
berks,pennsylvania,pennsylvania_berks,42011
blair,pennsylvania,pennsylvania_blair,42013
bradford,pennsylvania,pennsylvania_bradford,42015
bucks,pennsylvania,pennsylvania_bucks,42017
cambria,pennsylvania,pennsylvania_cambria,42021
centre,pennsylvania,pennsylvania_centre,42027
chester,pennsylvania,pennsylvania_chester,42029
clearfield,pennsylvania,pennsylvania_clearfield,42033
cumberland,pennsylvania,pennsylvania_cumberland,42041
dauphin,pennsylvania,pennsylvania_dauphin,42043
delaware,pennsylvania,pennsylvania_delaware,42045
elk,pennsylvania,pennsylvania_elk,42047
erie,pennsylvania,pennsylvania_erie,42049
franklin,pennsylvania,pennsylvania_franklin,42055
greene,pennsylvania,pennsylvania_greene,42059
indiana,pennsylvania,pennsylvania_indiana,42063
lackawanna,pennsylvania,pennsylvania_lackawanna,42069
lancaster,pennsylvania,pennsylvania_lancaster,42071
lawrence,pennsylvania,pennsylvania_lawrence,42073
lebanon,pennsylvania,pennsylvania_lebanon,42075
lehigh,pennsylvania,pennsylvania_lehigh,42077
luzerne,pennsylvania,pennsylvania_luzerne,42079
lycoming,pennsylvania,pennsylvania_lycoming,42081
mercer,pennsylvania,pennsylvania_mercer,42085
monroe,pennsylvania,pennsylvania_monroe,42089
montgomery,pennsylvania,pennsylvania_montgomery,42091
northampton,pennsylvania,pennsylvania_northampton,42095
philadelphia,pennsylvania,pennsylvania_philadelphia,42101
somerset,pennsylvania,pennsylvania_somerset,42111
tioga,pennsylvania,pennsylvania_tioga,42117
warren,pennsylvania,pennsylvania_warren,42123
washington,pennsylvania,pennsylvania_washington,42125
westmoreland,pennsylvania,pennsylvania_westmoreland,42129
york,pennsylvania,pennsylvania_york,42133
kent,rhode_island,rhode_island_kent,44003
providence,rhode_island,rhode_island_providence,44007
washington,rhode_island,rhode_island_washington,44009
aiken,south_carolina,south_carolina_aiken,45003
anderson,south_carolina,south_carolina_anderson,45007
berkeley,south_carolina,south_carolina_berkeley,45015
charleston,south_carolina,south_carolina_charleston,45019
cherokee,south_carolina,south_carolina_cherokee,45021
chesterfield,south_carolina,south_carolina_chesterfield,45025
colleton,south_carolina,south_carolina_colleton,45029
darlington,south_carolina,south_carolina_darlington,45031
florence,south_carolina,south_carolina_florence,45041
georgetown,south_carolina,south_carolina_georgetown,45043
greenville,south_carolina,south_carolina_greenville,45045
horry,south_carolina,south_carolina_horry,45051
lexington,south_carolina,south_carolina_lexington,45063
oconee,south_carolina,south_carolina_oconee,45073
pickens,south_carolina,south_carolina_pickens,45077
richland,south_carolina,south_carolina_richland,45079
spartanburg,south_carolina,south_carolina_spartanburg,45083
york,south_carolina,south_carolina_york,45091
brown,south_dakota,south_dakota_brown,46013
minnehaha,south_dakota,south_dakota_minnehaha,46099
pennington,south_dakota,south_dakota_pennington,46103
anderson,tennessee,tennessee_anderson,47001
blount,tennessee,tennessee_blount,47009
claiborne,tennessee,tennessee_claiborne,47025
davidson,tennessee,tennessee_davidson,47037
dyer,tennessee,tennessee_dyer,47045
hamilton,tennessee,tennessee_hamilton,47065
jefferson,tennessee,tennessee_jefferson,47089
knox,tennessee,tennessee_knox,47093
lawrence,tennessee,tennessee_lawrence,47099
loudon,tennessee,tennessee_loudon,47105
madison,tennessee,tennessee_madison,47113
maury,tennessee,tennessee_maury,47119
mcminn,tennessee,tennessee_mcminn,47107
montgomery,tennessee,tennessee_montgomery,47125
putnam,tennessee,tennessee_putnam,47141
roane,tennessee,tennessee_roane,47145
sevier,tennessee,tennessee_sevier,47155
shelby,tennessee,tennessee_shelby,47157
sullivan,tennessee,tennessee_sullivan,47163
sumner,tennessee,tennessee_sumner,47165
williamson,tennessee,tennessee_williamson,47187
wilson,tennessee,tennessee_wilson,47189
bell,texas,texas_bell,48027
bexar,texas,texas_bexar,48029
bowie,texas,texas_bowie,48037
brazoria,texas,texas_brazoria,48039
cameron,texas,texas_cameron,48061
collin,texas,texas_collin,48085
dallas,texas,texas_dallas,48113
denton,texas,texas_denton,48121
ector,texas,texas_ector,48135
el_paso,texas,texas_el_paso,48141
ellis,texas,texas_ellis,48139
galveston,texas,texas_galveston,48167
gregg,texas,texas_gregg,48183
harris,texas,texas_harris,48201
harrison,texas,texas_harrison,48203
hidalgo,texas,texas_hidalgo,48215
hood,texas,texas_hood,48221
howard,texas,texas_howard,48227
hunt,texas,texas_hunt,48231
jefferson,texas,texas_jefferson,48245
johnson,texas,texas_johnson,48251
kaufman,texas,texas_kaufman,48257
lubbock,texas,texas_lubbock,48303
mclennan,texas,texas_mclennan,48309
montgomery,texas,texas_montgomery,48339
navarro,texas,texas_navarro,48349
nueces,texas,texas_nueces,48355
orange,texas,texas_orange,48361
parker,texas,texas_parker,48367
polk,texas,texas_polk,48373
potter,texas,texas_potter,48375
randall,texas,texas_randall,48381
rockwall,texas,texas_rockwall,48397
smith,texas,texas_smith,48423
tarrant,texas,texas_tarrant,48439
travis,texas,texas_travis,48453
victoria,texas,texas_victoria,48469
webb,texas,texas_webb,48479
box_elder,utah,utah_box_elder,49003
cache,utah,utah_cache,49005
davis,utah,utah_davis,49011
salt_lake,utah,utah_salt_lake,49035
utah,utah,utah_utah,49049
washington,utah,utah_washington,49053
weber,utah,utah_weber,49057
bennington,vermont,vermont_bennington,50003
chittenden,vermont,vermont_chittenden,50007
rutland,vermont,vermont_rutland,50021
albemarle,virginia,virginia_albemarle,51003
alexandria_city,virginia,virginia_alexandria_city,51510
arlington,virginia,virginia_arlington,51013
bristol_city,virginia,virginia_bristol_city,51520
carroll,virginia,virginia_carroll,51035
chesterfield,virginia,virginia_chesterfield,51041
fairfax,virginia,virginia_fairfax,51059
fauquier,virginia,virginia_fauquier,51061
frederick,virginia,virginia_frederick,51069
hampton_city,virginia,virginia_hampton_city,51650
hanover,virginia,virginia_hanover,51085
henrico,virginia,virginia_henrico,51087
loudoun,virginia,virginia_loudoun,51107
lynchburg_city,virginia,virginia_lynchburg_city,51680
norfolk_city,virginia,virginia_norfolk_city,51710
prince_william,virginia,virginia_prince_william,51153
richmond_city,virginia,virginia_richmond_city,51760
roanoke,virginia,virginia_roanoke,51161
rockbridge,virginia,virginia_rockbridge,51163
rockingham,virginia,virginia_rockingham,51165
stafford,virginia,virginia_stafford,51179
suffolk_city,virginia,virginia_suffolk_city,51800
virginia_beach_city,virginia,virginia_virginia_beach_city,51810
wythe,virginia,virginia_wythe,51197
asotin,washington,washington_asotin,53003
benton,washington,washington_benton,53005
chelan,washington,washington_chelan,53007
clallam,washington,washington_clallam,53009
clark,washington,washington_clark,53011
cowlitz,washington,washington_cowlitz,53015
franklin,washington,washington_franklin,53021
grant,washington,washington_grant,53025
grays_harbor,washington,washington_grays_harbor,53027
jefferson,washington,washington_jefferson,53031
king,washington,washington_king,53033
kitsap,washington,washington_kitsap,53035
kittitas,washington,washington_kittitas,53037
lewis,washington,washington_lewis,53041
mason,washington,washington_mason,53045
pierce,washington,washington_pierce,53053
skagit,washington,washington_skagit,53057
snohomish,washington,washington_snohomish,53061
spokane,washington,washington_spokane,53063
stevens,washington,washington_stevens,53065
thurston,washington,washington_thurston,53067
walla_walla,washington,washington_walla_walla,53071
whatcom,washington,washington_whatcom,53073
yakima,washington,washington_yakima,53077
berkeley,west_virginia,west_virginia_berkeley,54003
brooke,west_virginia,west_virginia_brooke,54009
cabell,west_virginia,west_virginia_cabell,54011
greenbrier,west_virginia,west_virginia_greenbrier,54025
hancock,west_virginia,west_virginia_hancock,54029
harrison,west_virginia,west_virginia_harrison,54033
kanawha,west_virginia,west_virginia_kanawha,54039
marion,west_virginia,west_virginia_marion,54049
marshall,west_virginia,west_virginia_marshall,54051
monongalia,west_virginia,west_virginia_monongalia,54061
ohio,west_virginia,west_virginia_ohio,54069
wood,west_virginia,west_virginia_wood,54107
brown,wisconsin,wisconsin_brown,55009
columbia,wisconsin,wisconsin_columbia,55021
dane,wisconsin,wisconsin_dane,55025
dodge,wisconsin,wisconsin_dodge,55027
eau_claire,wisconsin,wisconsin_eau_claire,55035
fond_du_lac,wisconsin,wisconsin_fond_du_lac,55039
grant,wisconsin,wisconsin_grant,55043
jefferson,wisconsin,wisconsin_jefferson,55055
kenosha,wisconsin,wisconsin_kenosha,55059
la_crosse,wisconsin,wisconsin_la_crosse,55063
manitowoc,wisconsin,wisconsin_manitowoc,55071
marathon,wisconsin,wisconsin_marathon,55073
milwaukee,wisconsin,wisconsin_milwaukee,55079
outagamie,wisconsin,wisconsin_outagamie,55087
ozaukee,wisconsin,wisconsin_ozaukee,55089
racine,wisconsin,wisconsin_racine,55101
rock,wisconsin,wisconsin_rock,55105
sauk,wisconsin,wisconsin_sauk,55111
sheboygan,wisconsin,wisconsin_sheboygan,55117
walworth,wisconsin,wisconsin_walworth,55127
waukesha,wisconsin,wisconsin_waukesha,55133
fremont,wyoming,wyoming_fremont,56013
laramie,wyoming,wyoming_laramie,56021
natrona,wyoming,wyoming_natrona,56025
sheridan,wyoming,wyoming_sheridan,56033
sweetwater,wyoming,wyoming_sweetwater,56037
allegany,maryland,maryland_allegany,24001
seneca,new_york,new_york_seneca,36099
st._lawrence,new_york,new_york_st._lawrence,36089
ward,north_dakota,north_dakota_ward,38101
gallia,ohio,ohio_gallia,39053
bryan,oklahoma,oklahoma_bryan,40013
garfield,oklahoma,oklahoma_garfield,40047
rusk,texas,texas_rusk,48401
mineral,west_virginia,west_virginia_mineral,54057
craighead,arkansas,arkansas_craighead,5031
le_flore,oklahoma,oklahoma_le_flore,40079
fayette,pennsylvania,pennsylvania_fayette,42051
susquehanna,pennsylvania,pennsylvania_susquehanna,42115
